,"Parachute 100 % Pure Coconut Oil, 600 ml (Bottle)"
,"Amazon Brand - Vedaka Premium Toor Dal, 1kg"
,"Aashirvaad Iodized Salt, with 4-Step advantage, 1kg"
,Ariel Matic Top Load Detergent Washing Powder - 4 kg with Free Detergent Powder - 2 kg - Pantry
,ScotchBrite Scrub Pad ( pack of 10)
,"Savlon Hexa Advanced Body Wash with Milk Protein, 500ml"
,"Stayfree Dry Max All Night XL Dry Cover Sanitary Pads For Women With Wings, 42 pieces"
,Listerine Cool Mint Mouthwash - 250ml
,"Amazon Brand - Vedaka Popular Raisins, 100g"
,Bournvita Pro Health Chocolate Drink Pouch - 750 g
,"Amazon Brand - Vedaka Popular Toor Dal, 1kg"
,"Amazon Brand - Vedaka Popular Moong Dal (Yellow), 1 kg"
,"Stayfree Secure Extra Large Cottony Soft Cover Sanitary Pads For Women With Wings, 20 Pads"
,Dettol Liquid Handwash Skincare - 750 ml
,"Amazon Brand - Vedaka Mustard Seeds (Rai) Small, 200g (Pack of 1)"
,"Godrej aer Pocket, Bathroom Air Fragrance - Assorted Pack of 3 (3x10g)"
,Vim Dishwash Bar Lemon 200 g (Pack of 3)
,"Tata Sampann Unpolished Toor Dal/Arhar Dal, 1kg"
,Exo Dishwash Bar - 700 g (Pack of 2)
,"Cinthol Original Bath Soap, 100g (Pack of 4)"
,"Daawat Devaaya Everyday Rice, 5 Kg"
,Colgate ZigZag Toothbrush - Medium (Pack of 6)
,"Tata Salt, 1kg"
,Sanifresh Ultrashine 1L ( 500 + 500) Toilet Cleaner -1.5X Extra Strong Extra Clean with Odonil Room Freshner Blocks 50 g Free
,Scotch-Brite Scrub Pad (Regular) - Pack of 5 (packaging may vary)
,"Amazon Brand - Vedaka Roasted Suji (Rawa), 1 kg"
,Exo Dishwash Bar - 115 gm/120gm (Pack of 3+1)
,Sunfeast Dark Fantasy Choco Fills plus Coffee Fills Combo 75g (Buy 3 Get 1 Free)
,ScotchBrite Stainless Steel and Scrub Pad combo 1 Steel Scrubbers (15g) + 2 Scrub pads.
,Pears Moisturising Bathing Bar Soap with Glycerine Pure & Gentle For Golden Glow (125g x 3)
,"Amazon Brand - Vedaka Bay Leaf (Tej Patta), 100g"
,"Amazon Brand - Vedaka Premium Whole Dried Cranberries, 100g"
,"Fortune Sunlite Refined Sunflower Oil, 1L"
,"Amazon Brand - Vedaka Popular Raisins, 200g"
,"Aashirvaad Instant Mixes, Rice Idli, 200g"
,"Scotch-Brite Stainless Steel Scrub - Pack of 3 ( 3X 15g Steel +Free 3 scrub pads 3""X3"")"
,"Santoor Classic Gentle Hand Wash, 750ml with Natural goodness of Sandalwood & Tulsi"
,"Colgate Total Whole Mouth Health, Antibacterial Toothpaste, 185g (Advanced Health, Saver Pack )"
,Scotch-Brite Scrub Sponge Ideal for dishwash liquid | Small ( 8cm X 5cm)
,RIN Detergent Bar - 250 g (Pack of 4)
,"Amazon Brand - Vedaka Cumin (Jeera) Seed, 500g"
,Colgate Sensitive Soft Bristles Toothbrush - 4 Pcs
,"Saffola Gold, Pro Healthy Lifestyle Cooking Oil, Helps Keep Heart Healthy, 2L Jar"
,"Harpic Disinfectant Toilet Cleaner Liquid, Original - 1 L | Kills 99.9% Germs"
,"Dettol Original Germ Protection Bathing Soap bar, 75gm, Buy 3 Get 1"
,"Tata Salt Lite, Low Sodium, 1kg"
,Colgate Strong Teeth Anticavity Toothpaste with Amino Shakti - 500 g Saver Pack
,"Amazon Brand - Vedaka Premium Red Masoor Whole, 1kg"
,"Stayfree Secure Extra Large Cottony Soft Cover Sanitary Pads For Women With Wings, 20 Pads"
,"Sunfeast Farmlite Digestive High Fibre Biscuits, 1kg"
,"Amazon Brand - Vedaka Black Peppercorn (Kali Mirch), 100g"
,RIN Detergent Bar - 250 g (Pack of 4)
,"Amazon Brand - Vedaka Popular Moong Dal (Yellow), 1 kg"
,"Lizol Disinfectant Surface & Floor Cleaner Liquid, Citrus - 2 L | Kills 99.9% Germs"
,"Godrej No.1 Bathing Soap - Lime & Aloe Vera, 150g (Pack of 4)"
,"Amazon Brand - Vedaka Sabudana (Sago), Medium, 500g"
,Mangaldeep Sadhvi Agarbatti - 100 Sticks
,"Sunfeast Biscuits, Nice, 150g Pouch"
,"Whisper Ultra Clean Sanitary Pads for Women, XL+ 50 Napkins - Pantry"
,"Amazon Brand - Vedaka Carom (Ajwain), 100g"
,"Amazon Brand - Vedaka Popular Whole Cashews, 100g"
,Cinthol Lime Bath Soap 100g (Pack of 4) + 100g FREE
,"Sunfeast YiPPee! Magic Masala Long, slurpy Noodles | with Real Vegetables and nutrients | 12 x 70g Pack"
,"Vim Dishwash Liquid Gel Lemon Refill Pouch, 2 L"
,"Maggi 2-Minute Noodles Masala, 70g (Pack of 12)"
,Dabur Hommade Tomato Puree- Made from 100% Ripe Tomatoes - No Added preservatives - 200 gm
,"Amazon Brand - Vedaka Mustard Seeds (Rai) Big , 200g"
,"Dettol Liquid Hand wash, Original - 750 ml"
,"Colgate Max Fresh Blue Gel Toothpaste for super freshness - 300gm, Peppermint Fresh Saver Pack"
,"Tata Sampann Unpolished Moong Dal Split, 500g"
,Amazon Brand - Solimo 2 Ply Kitchen Tissue/Towel Paper Roll - 4 Rolls (60 Pulls Per Roll)
,"Cadbury Oreo Choco Crème Biscuit Family Pack, 300g"
,Odonil Bathroom Air Freshener Blocks – 50 g (Buy 3 get 1)
,"Tata Sampann Turmeric Powder Masala, 200g"
,Pril Dish Wash Bar - 500 g with Free Dura Scrub
,"Parachute 100 % Pure Coconut Oil, 300 ml (Bottle)"
,"Fortune Sunlite Refined Sunflower Oil, 1L"
,"Amazon Brand - Vedaka Premium Black Raisins, 100g"
,"Amazon Brand - Vedaka Refined Wheat Flour (Maida), 1kg"
,Sanifresh Ultrashine Toilet Cleaner -1.5X Extra Strong Extra Clean -500 ML( Buy 2 Get 1 free)
,Colgate Plax Fresh Mint Mouthwash - 500 ml
,"Peppy Tomato Discs, 70g"
,"Dabur Hajmola Tablet, Anardana, 120 Tablets"
,"Daawat Rozana Super Basmati Rice, 5kg"
,"Cinthol Lime Bath Soap – 99.9% Germ Protection, 100g (Pack of 6)"
,"SaaFoo Veggies & Fruits Wash, 500ml"
,"MAGGI Masala-ae-Magic Seasoning, Vegetable Masala - 72g Pouch (12 Sachet)"
,Tide Plus Extra Power Detergent Washing Powder - 2 kg (Lemon and Mint)
,"Tata Salt Lite, Low Sodium, 1kg"
,Scotch-Brite Scotch Brite Scrub Sponge - Pack of 3
,Colgate Active Salt Toothpaste - 100 + 200 g
,"Unibic Cookies -Milk Cookies, 500g"
,"Amazon Brand - Solimo Glycerine Bathing Bar (Pack of 3), 3 x 125g"
,"Amazon Brand - Vedaka Fennel Seeds (Saunf), 200g (Pack of 1)"
,Tide Plus Extra Power Detergent Washing Powder - 7 kg (Jasmine and Rose) with Free Detergent Powder - 3 kg
,Pril Dish Wash Bar - 200 g (Buy 3 Get 1 Free)
,"Comfort After Wash Fabric Conditioner, Refill pouch, super saver pack Morning fresh variant for all day freshness and lasting fragrance, 2 L"
,"Amazon Brand - Vedaka Refined Wheat Flour (Maida), 1kg"
,"Surf Excel Easy Wash Detergent Powder, 4 kg"
,"Tata Sampann Besan, 1kg"
,"Odonil Bathroom Air Freshener Blocks , Mixed Fragrances -75gm ( Buy 3 Get 1 Free)"
,"Lifebuoy Total 10 Active Silver Formula-Germ Protection Handwash Refill, 1.5 L"
,"TATA Salt Rock Salt, 1kg"
,"Vim Dishwash Liquid Gel Lemon Refill Pouch, 2 L"
,"Amazon Brand - Vedaka Premium Red Masoor Dal Split, 1 kg"
,"Amazon Brand - Presto! Disinfectant Floor Cleaner Jasmine, 2 L"
,"Sunfeast Farmlite Digestive High Fibre Biscuits, 1kg"
,"Santoor Mild Gentle Hand Wash, 750ml with Natural goodness of Lotus & Tulsi"
,Genteel Liquid Detergent - Pack of 2 (1kg+1kg)
,"Unibic Cookies -Milk Cookies, 500g"
,"SaaFoo Veggies & Fruits Wash, 500ml"
,"Cadbury Oreo Choco Crème Biscuit Family Pack, 300g"
,"Harpic Flushmatic In-Cistern Toilet Cleaner Blocks, Aquamarine - 100 g"
,"Sunfeast YiPPee! Magic Masala Long, slurpy Noodles | with Real Vegetables and nutrients | 12 x 70g Pack"
,"Amazon Brand - Vedaka Popular Red Masoor Dal Split, 1 kg"
,"Colgate Max Fresh Blue Gel Toothpaste for super freshness - 300gm, Peppermint Fresh Saver Pack"
,"MAGGI Pazzta Instant Pasta - Cheesy Tomato Twist, 64g Pouch"
,Pril Dish Wash Bar - 200 g (Buy 3 Get 1 Free)
,"24 Mantra Organic Brown Chana, 500g"
,"Amazon Brand - Vedaka Sabudana (Sago), Medium, 500g"
,"Dove Cream Beauty Bathing Bar With ¼ Moisturizing Cream To Give You Softer, Smoother Skin, 100 g, (Pack Of 8)"
,"Dabur Hajmola Regular Tablet, 120 Tablets"
,"Aashirvaad Mix, Rice Dosa, 200g Pouch"
,Mr. White Detergent Powder - 5 kg with Free 2kg
,"Unibic Assorted Cookies, 450g (Pack of 6 x 75 g), Mix and Match, Perfect Combination for Your Day, Daily Delicious Choice, Chocolate, Fruit and nut, Honey Oatmeal"
,"Surf Excel Matic Top Load Liquid, Specially Designed For 100% Tough Stain Removal In Top Load Machines, 1.02 L"
,"Aashirvaad Atta with Multigrains, 5kg"
,Dabur Honey :100% Pure World's No.1 Honey Brand with No Sugar Adulteration - 1kg (Get 20% Extra)
,"Godrej Protekt Masterblaster Germ Protection Liquid Handwash Refill, 750ml"
,"Amazon Brand - Vedaka Premium Green Moong Whole / Sabut, 1 kg"
,"Lizol Disinfectant Surface & Floor Cleaner Liquid,Floral - 2 L | Kills 99.9% Germs"
,"Sunfeast Dark Fantasy Coffee Fills, 75 g"
,"Dukes Nibbles - SALTED Crackers, 150g"
,"Comfort After Wash Fabric Conditioner refill pouch, super saver pack Lily fresh variant for all day freshness and lasting fragrance. 2 L"
,"Tata Sampann Moong Chilka, 500g"
,"Cinthol Lime Bath Soap – 99.9% Germ Protection, 100g (Pack of 6)"
,"Dabur Hajmola Tablet (Imli), 120 Tablets"
,"New Kellogg's Muesli with 21% Fruit, Nut & Seeds |Tastier Now with Cranberries and Pumpkin Seeds |Breakfast Cereal | High in Iron| Source of Fibre | Naturally Cholesterol Free | 500g Pack"
,"Daawat Rozana Gold Basmati Rice, 5kg"
,Surf Excel Quick Wash Detergent Powder 1 kg
,"24 Mantra Organic Jaggery Powder, 500 Grams"
,"Amazon Brand - Vedaka Premium Tea, 1kg"
,"Surf Excel Matic Front Load Liquid Detergent Refill Pouch - Super Saver Pack Specially Designed For 100% Tough Stain Removal In Frontload Machines, 2 L"
,Pears Soft & Fresh Bathing Bar Soap with 98% Pure Glycerine & Mint Extracts For Fresh Glow 125g (Pack of 4)
,"Ariel Matic Liquid Detergent Top Load Refill Pouch, 2 Litre"
,Aashirvaad Kashmiri Mirch - 100g
,Goodknight 100% Natural Mosquito Repellent Fabric Roll On (Fragrance - Bubble gum) 8 ml
,"Savlon Surface Disinfectant Spray Sanitizer, 99.99% Germ Kill on Hard & Soft Surfaces| 170g (230ml)"
,"Fortune Hamesha Basmati Rice, suitable for daily cooking, 5 Kg"
,"Fortune Sunlite Refined Sunflower Oil, 5L Can"
,Santoor Sandalwood and Turmeric Bath Soap for Younger Looking and Glowing Skin Combo Offer 125 g Pack of 4
,Harpic White and Shine Disinfectant Toilet Cleaner Bleach - 500 ml | Kills 99.9% Germs
,"Happilo Premium Afghani Seedless Black Raisins, 250g"
,"Nestlé Everyday Dairy Whitener Powder, 400g Pouch"
,"Surf Excel Matic Top Load Detergent Washing Powder, Specially Designed For Tough Stain Removal In Top Load Machines, 2 Kg"
,"Amazon Brand - Vedaka Popular Chana Dal, 1 kg"
,"Good Knight Naturals Neem Mosquito Repellent with 100% Natural Active Ingredients (Safe for Kids and Adults), Combo Pack - Machine + 2 Refills, 45ml (2U=90ml+1N)"
,"DukesCream 4 Fun Biscuits Combie, 450g"
,"Gold Winner Refined Sunflower Oil, 1L"
,Dabur Red Paste - 600 g (Buy 3 Get 1 Free)
,Tide Ultra 3 in 1 Clean Detergent Washing Powder - 4 Kg (3 Kg + 1 Kg Free)
,"Sunfeast Mom'S Magic Cashew And Almond Cookie, 100G Buy 4 Get 1 Extra"
,Colgate Swarna Vedshakti Ayurvedic Toothpaste with anti-germ properties for whole mouth protection - 400gm (Saver Pack)
,"Amazon Brand - Vedaka Premium Chana Dal, 1 kg"
,"Fiama Gel Bar, Lemongrass and Jojoba for smooth skin, with skin conditioners, 125g (Pack of 3)"
,"Kellogg's Corn Flakes Original, High in Iron, High in B Group Vitamins, Breakfast Cereals, 875g Pack"
,Vanish All in One Detergent Boosting Add-on Liquid and stain remover - 800 ml
,"Tata Sampann Chilli Powder, 500g"
,Odonil One Touch Air Sanitizer Freshener - Floral Bouquet Combo - (1 Dispenser + 7.8g refill)
,"Maggi Pazzta Masala Penne, 65g"
,Colgate Slim Soft Charcoal Toothbrush - 4 Pcs (Buy 2 Get 2 Free)
,Nimyle Herbal Floor Cleaner - 2 L
,"Godrej No.1 Bathing Soap - Sandal & Turmeric, 150g (Pack of 4)"
,"Aashirvaad Superior MP Atta, 5kg"
,Surf Excel Detergent Bar - 800 g (Pack of 4 x 200 g)
,Kohinoor Authentic Royale Biryani Basmati Rice 5 Kg | Special Biryani Rice
,Rin Ala Bleach - 500 ml
,"Surf Excel Matic Front Load Detergent Washing Powder, Specially Designed For Tough Stain Removal In Front Load Machines, 2Kg"
,"Lifebuoy Total 10 Activ Silver Germ Protection Handwash Refill, 750 ml"
,"Amazon Brand - Vedaka Garam Masala (Curry Powder), 100g"
,"Saffola Honey, 100% Pure NMR tested Honey, 750g (Super Saver Pack)"
,"Lizol Disinfectant Surface & Floor Cleaner Liquid Refill Pack, Citrus - 1800 ml | Kills 99.9% Germs"
,"Amazon Brand - Vedaka Popular Green Moong Split / Chilka, 500g"
,Amazon Brand - Presto! 2 Ply Kitchen Tissue/Towel Paper Roll - 2 Rolls (60 Pulls Per Roll)
,"Cadbury Oreo Dipped Chocolate Cookie, 150g"
,Ariel Matic Front Load Detergent Washing Powder - 4 kg with Free Detergent Powder - 2 kg - Pantry
,Sunfeast Marie Light Active 120g (Buy 4 Get 1 Free)
,"Dove Hair Fall Rescue Shampoo For Weak Hair Prone To Hairfall, Deeply Nourishes From Roots Up And Reduces Hair Fall By Up To 98%, 340 ml"
,"MAGGI PAZZTA Instant Pasta, Cheese Macaroni – 70g Pouch"
,"Del Monte Eggless Mayonnaise, 900g"
,"Fortune Chakki Fresh Atta, 5kg, 100% Atta 0% Maida"
,"Dabur Almond Hair Oil - with Almonds, Vitamin E and Soya Protein - 500 ml"
,"Sunfeast Dark Fantasy Coffee Fills, 75 g"
,Mr. White Detergent Powder - 5 kg with Free 2kg
,"Chandrika Ayurvedic Handmade Soap, 125g (Pack of 6)"
,"Surf Excel Matic Top Load Detergent Washing Powder, Specially Designed For Tough Stain Removal In Top Load Machines, 2 Kg"
,"MTR Vermicelli, 400g"
,"DiSano Fusilli Durum Wheat Pasta, 500g (Imported Pasta)(buy-1get1 free)"
,"Tata Sampann Kala Chana, 1kg"
,Aashirvaad Shahi Garam Masala - 100 gm
,"Lizol Disinfectant Surface & Floor Cleaner Liquid Refill Pack, Citrus - 1800 ml | Kills 99.9% Germs"
,"Savlon Herbal Sensitive pH balanced Liquid Handwash Refill Pouch, 750ml"
,Colgate Gentle Enamel Ultra Soft Toothbrush - 4 Pieces (Buy 2 Get 2 Free)
,"Comfort After Wash Fabric Conditioner, 99.9% anti-bacterial action along with all day freshness and lasting fragrance, 860 ml"
,"Surf Excel Matic Front Load Detergent Washing Powder, Specially Designed For Tough Stain Removal In Front Load Machines, 2Kg"
,Ariel Matic Front Load Detergent Washing Powder - 4 kg with Free Detergent Powder - 2 kg - Pantry
,"Amazon Brand - Vedaka Garam Masala (Curry Powder), 100g"
,"Fortune Xpert Pro Sugar Conscious Edible Oil, 1L Pouch"
,Amazon Brand - Solimo 2 Ply Paper Napkins - 50 Pulls (Pack of 4)
,"Nestle Everyday Dairy Whitener, 200g Pouch"
,Dettol Liquid Handwash (Original) - 200 ml with Free Liquid Handwash - 175 ml (Any Variant)
,"Vim Dishwash Liquid Gel Lemon, With Lemon Fragrance, Leaves No Residue, Grease Cleaner For All Utensils, 900 ml Refill Pouch"
,Minute Maid Pulpy Orange Fruit Drink 1 l
,Colgate Charcoal Clean Toothpaste (Black Gel) 240 g Saver Pack
,"Skrubble High Action Dishwasher with Free Scrub Pad, 700g (Pack of 4)"
,"Tata Sampann Unpolished Rajma, 500g"
,"Dabur Almond Hair Oil - with Almonds, Vitamin E and Soya Protein - 500 ml"
,Vim Dishwash Liquid Gel Lemon 1.8l Can
,Sunfeast Marie Light Active 120g (Buy 4 Get 1 Free)
,"Dettol Liquid Disinfectant Cleaner for Home, Lime Fresh, 500ml"
,"24 Mantra Organic Roasted Bengalgram Dal, 500g"
,Dabur Red Gel :Ayurvedic Gel for Freshness and Effective Oral Care -150gm (Pack of 2)
,Lifebuoy Total 10 Activ Naturol Germ Protection Handwash Refill 750 ml (Buy 1 Get 1 Free)
,"Haldiram's Nagpur Moong Dal, 400g"
,"Kitchens of India Pav Bhaji, Ready to Eat, 285g"
,"Haldiram's Nagpur Dry Fruit Mixture, 150g"
,"Amazon Brand - Vedaka Popular Green Moong Whole / Sabut, 1 kg"
,"Fortune Hamesha Basmati Rice, suitable for daily cooking, 5 Kg"
,Colgate Kid's Batman Extra Soft with Tongue Cleaner Toothbrush - 1 Pc
,"Santoor Sandalwood and Almond milk Organic Soft Bath Soap for Softer, Smoother and Moisturised Skin, Combo Offer 125 g Buy 4 Get 1 Free"
,Tide Ultra 3 in 1 Clean Detergent Washing Powder - 4 Kg (3 Kg + 1 Kg Free)
,"Aashirvaad Superior MP Atta, 5kg"
,"Cinthol Lime Soap, 100g (Pack of 9)"
,"Happilo Premium Californian Roasted & Salted Pistachios 500g, Value Pack"
,"MTR Rava Idli Break Fast Mix, 1kg"
,"Rexona Coconut and Olive Oil Soap, 100g (Pack of 4)"
,"Dukes Waffy Biscuits Combo, 450g"
,Oral-B Sensitive Toothbrush - 4 Pieces
,"Amazon Brand - Vedaka Thick Poha, 500g"
,"MAGGI PAZZTA Instant Pasta, Cheese Macaroni – 70g Pouch"
,"Disano Durum Wheat Penne Pasta, 500g (Imported Pasta)"
,"Cinthol Bath Cool Soap, 100g (Pack of 5) (Buy 4 get 1 free)"
,Dabur Red Paste 200gm
,"Bambino Vermicelli Premium Tasty & Healthy, 850g"
,"Quaker Oats, 2kg"
,"Sunfeast Mom's Magic Cashew and Almonds, 200g"
,"Colgate Total Whole Mouth Health, Antibacterial Toothpaste, 185g, (Charcoal Deep Clean, Saver Pack)"
,Amazon Brand - Presto! Disinfectant Toilet Cleaner - 1 L (Pack of 4)
,"Fortune Premium Kachi Ghani Pure Mustard Oil, 1tr PET Bottle"
,"Cinthol Confidence+ Bath Soap, 100g (Pack of 4) + 100g FREE"
,"DiSano Spaghetti Durum Wheat Pasta, 500g (Imported Pasta)"
,"24 Mantra Organic Ragi Flour, 500g"
,"Whisper Ultra Soft Air Fresh Sanitary Pads for Women, XL, 50 Napkins"
,"Amazon Brand - Presto! Disinfectant Floor Cleaner Floral, 2 L"
,"MAGGI 2-Minute Special Masala Instant Noodles, 280g(Pack of 4)"
,"Dabur Chyawanprash : 2X Immunity, helps build Strength and Stamina – 950g"
,"Amazon Brand - Vedaka Premium Red Rajma, 1kg"
,"24 Mantra Organic – Green Moong Whole/sabut/saboot , 500g"
,"Oral- B 1.2.3 Toothbrush with Neem Extract, Soft (Buy 2 Get 2 Free)"
,Pears Bodywash Moisturising 98% Pure Glycerine 250 ml (Free Loofah)
,"DiSano Pasta & Pizza Sauce,325g"
,"Pepsodent 2 in 1 Toothpaste, 150 g"
,"Nestle CEREGROW Growing Up Multigrain Cereal with Milk and Fruits (From 2-5 Years), 300g Bag-In-Box Pack"
,"Saffola Active, Pro Weight Watchers Cooking Oil, Smart Way to Stay Fit, 1 L Pouch"
,"Santoor Gold Organic Luxury Bath Soap with Saffron, Sakura & Sandalwood for a Golden Glow, Combo Offer 125g Pack of 6"
,"Comfort After Wash Fabric Conditioner Lily Fresh variant for all day freshness and lasting fragrance, 860 ml"
,"Dettol After Detergent Wash Liquid Laundry Sanitizer, Spring Blossom, 960ml"
,"Aashirvaad Svasti Pure Cow Ghee, Pet Pack 200ml, Desi Ghee with Rich Aroma"
,"24 Mantra Organic Rice Flour, 500g"
,Johnson's Baby Cotton Buds 150 Swabs
,"Cadbury Gems Minis Home Treats Pack, 142.2g"
,"NIVEA Soap, Creme Care, For Hands And Body, 75g (4 Pieces)"
,"Cadbury Choclairs Gold Coffee (60 Candies), 330 g"
,"Haldiram's Nagpur Tasty Nuts, 200g"
,"Bournvita 5 Star Magic Health Drink, 750 g refill pack"
,"DiSano Extra Virgin Olive Oil, 1L"
,"Cadbury Dairy Milk Chocolate Shots, 208.8 gm Carton (58 units x 3.6 gm)"
,"Head & Shoulders , Anti Dandruff Shampoo, Anti Hairfall, 650 ML"
,"Haldiram's Nagpur Rasgulla, 1kg Can"
,"Daawat Super Basmati, 1kg with 25% Extra"
,"Dukes Waffy Biscuits Chocolate, 75g"
,"Colgate Plax Antibacterial Mouthwash, 24/7 Fresh Breath - 500ml, (Pepper Mint)"
,"Lizol Disinfectant Surface & Floor Cleaner Liquid, Lavender - 2 L | Kills 99.9% Germs"
,Quaker Oats - 1 kg
,"Haldiram's Nagpur Punjabi Tadka, 150g"
,"24 Mantra Organic Poha (Flattened Rice/Atukulu), 500g"
,Colgate Waxed Dental Floss - 25 m
,Hommade Garlic Chutney 200gm Pouch-T
,"Oral- B 1.2.3 Toothbrush with Neem Extract, Soft (Buy 2 Get 2 Free)"
,"Dove Intense Repair Shampoo - For Damaged Hair,Makes Hair Smooth And Strong, 1 Ltr"
,"Nestle Everyday Dairy Whitener, Milk Powder for Tea, 1Kg Pouch"
,"Fortune Rozana Basmati Rice, suitable for daily cooking, 5 kg"
,Johnson's Baby Cotton Buds 150 Swabs
,"Head & Shoulders , Anti Dandruff Shampoo, Anti Hairfall, 650 ML"
,"Everest Pav Bhaji Masala, 100g Carton"
,"Del Monte Spirali Pasta (Imported), 500g"
,"Dukes Eclairs Chocolate, 200g"
,"Savlon Germ Protection Wet Wipes - 10 Wipes | Multi Purpose | Fights Germs on Hands, Body and Surfaces | Easy to Carry | Use at home, office, in car and out of home"
,"Haldiram's Nagpur Moong Dal, 400g"
,"Kohinoor Charminar Everyday Rice, 5 kg"
,PediaSure Health & Nutrition Drink Powder for Kids Growth - 1kg (Vanilla)
,"Amazon Brand - Vedaka Nigella Seeds (Kalonji), 100g (Pack of 1)"
,"24 Mantra Organic – Green Moong Whole/sabut/saboot , 500g"
,"NIVEA Soap, Creme Care, For Hands And Body, 75g (4 Pieces)"
,"Skrubble High Action Dishwasher with Free Scrub Pad, 700g (Pack of 4)"
,"ITC Master Chef Hyderabadi Biryani Cooking Paste 80g, Ready to Cook Spice Mix, Easy to Cook Masala Mix"
